metric,value,step
Counters/environment_steps,2500.0,2500.0
Counters/environment_steps,2501.0,2501.0
Counters/environment_steps,2620.0,2620.0
Counters/environment_steps,2871.0,2871.0
Counters/environment_steps,3161.0,3161.0
Counters/environment_steps,3454.0,3454.0
Counters/environment_steps,3754.0,3754.0
Counters/environment_steps,4050.0,4050.0
Counters/environment_steps,4350.0,4350.0
Counters/environment_steps,4650.0,4650.0
Counters/environment_steps,4950.0,4950.0
Counters/environment_steps,5253.0,5253.0
Counters/environment_steps,5556.0,5556.0
Counters/environment_steps,5842.0,5842.0
Counters/environment_steps,6146.0,6146.0
Counters/environment_steps,6447.0,6447.0
Counters/environment_steps,6729.0,6729.0
Counters/environment_steps,7020.0,7020.0
Counters/environment_steps,7321.0,7321.0
Counters/environment_steps,7616.0,7616.0
Counters/environment_steps,7920.0,7920.0
Counters/environment_steps,8220.0,8220.0
Counters/environment_steps,8516.0,8516.0
Counters/environment_steps,8810.0,8810.0
Counters/environment_steps,9100.0,9100.0
Counters/environment_steps,9399.0,9399.0
Counters/environment_steps,9697.0,9697.0
Counters/environment_steps,10000.0,10000.0
Counters/environment_steps,10301.0,10301.0
Counters/environment_steps,10602.0,10602.0
Counters/environment_steps,10900.0,10900.0
Counters/environment_steps,11202.0,11202.0
Counters/environment_steps,11509.0,11509.0
Counters/environment_steps,11810.0,11810.0
Counters/environment_steps,12108.0,12108.0
Counters/environment_steps,12409.0,12409.0
Counters/environment_steps,12710.0,12710.0
Counters/environment_steps,13010.0,13010.0
Counters/environment_steps,13315.0,13315.0
Counters/environment_steps,13620.0,13620.0
Counters/environment_steps,13920.0,13920.0
Counters/environment_steps,14223.0,14223.0
Counters/environment_steps,14529.0,14529.0
Counters/environment_steps,14831.0,14831.0
Counters/environment_steps,15134.0,15134.0
Counters/environment_steps,15438.0,15438.0
Counters/environment_steps,15740.0,15740.0
Counters/environment_steps,16044.0,16044.0
Counters/environment_steps,16350.0,16350.0
Counters/environment_steps,16656.0,16656.0
Counters/environment_steps,16960.0,16960.0
Counters/environment_steps,17260.0,17260.0
Counters/environment_steps,17566.0,17566.0
Counters/environment_steps,17866.0,17866.0
Counters/environment_steps,18170.0,18170.0
Counters/environment_steps,18468.0,18468.0
Counters/environment_steps,18770.0,18770.0
Counters/environment_steps,19073.0,19073.0
Counters/environment_steps,19372.0,19372.0
Counters/environment_steps,19677.0,19677.0
Counters/environment_steps,19978.0,19978.0
Counters/environment_steps,20260.0,20261.0
Counters/environment_steps,20496.0,20496.0
Counters/environment_steps,20797.0,20797.0
Counters/environment_steps,21100.0,21100.0
Counters/environment_steps,21400.0,21400.0
Counters/environment_steps,21701.0,21701.0
Counters/environment_steps,22000.0,22000.0
Counters/environment_steps,22302.0,22302.0
Counters/environment_steps,22604.0,22604.0
Counters/environment_steps,22906.0,22906.0
Counters/environment_steps,23210.0,23210.0
Counters/environment_steps,23510.0,23510.0
Counters/environment_steps,23815.0,23815.0
Counters/environment_steps,24114.0,24114.0
Counters/environment_steps,24418.0,24418.0
Counters/environment_steps,24721.0,24721.0
Counters/environment_steps,25022.0,25022.0
Counters/environment_steps,25323.0,25323.0
Counters/environment_steps,25621.0,25621.0
Counters/environment_steps,25925.0,25925.0
Counters/environment_steps,26226.0,26226.0
Counters/environment_steps,26528.0,26528.0
Counters/environment_steps,26830.0,26830.0
Counters/environment_steps,27132.0,27132.0
Counters/environment_steps,27435.0,27435.0
Counters/environment_steps,27737.0,27738.0
Counters/environment_steps,28039.0,28039.0
Counters/environment_steps,28342.0,28342.0
Counters/environment_steps,28644.0,28644.0
Counters/environment_steps,28942.0,28942.0
Counters/environment_steps,29247.0,29247.0
Counters/environment_steps,29550.0,29550.0
Counters/environment_steps,29850.0,29850.0
Counters/environment_steps,30156.0,30156.0
Counters/environment_steps,30455.0,30455.0
Counters/environment_steps,30761.0,30762.0
Counters/environment_steps,31065.0,31066.0
Counters/environment_steps,31370.0,31370.0
Counters/environment_steps,31676.0,31676.0
Counters/environment_steps,31981.0,31981.0
Counters/environment_steps,32278.0,32278.0
Counters/environment_steps,32579.0,32579.0
Counters/environment_steps,32878.0,32878.0
Counters/environment_steps,33178.0,33178.0
Counters/environment_steps,33478.0,33478.0
Counters/environment_steps,33776.0,33776.0
Counters/environment_steps,34074.0,34074.0
Counters/environment_steps,34377.0,34377.0
Counters/environment_steps,34680.0,34680.0
Counters/environment_steps,34984.0,34984.0
Counters/environment_steps,35283.0,35283.0
Counters/environment_steps,35584.0,35584.0
Counters/environment_steps,35882.0,35882.0
Counters/environment_steps,36180.0,36180.0
Counters/environment_steps,36480.0,36480.0
Counters/environment_steps,36780.0,36780.0
Counters/environment_steps,37084.0,37084.0
Counters/environment_steps,37384.0,37384.0
Counters/environment_steps,37684.0,37684.0
Counters/environment_steps,37987.0,37987.0
Counters/num_episodes,5.0,2500.0
Counters/num_episodes,6.0,2501.0
Counters/num_episodes,6.0,2620.0
Counters/num_episodes,6.0,2871.0
Counters/num_episodes,7.0,3161.0
Counters/num_episodes,7.0,3454.0
Counters/num_episodes,8.0,3754.0
Counters/num_episodes,9.0,4050.0
Counters/num_episodes,9.0,4350.0
Counters/num_episodes,10.0,4650.0
Counters/num_episodes,10.0,4950.0
Counters/num_episodes,11.0,5253.0
Counters/num_episodes,12.0,5556.0
Counters/num_episodes,12.0,5842.0
Counters/num_episodes,13.0,6146.0
Counters/num_episodes,13.0,6447.0
Counters/num_episodes,14.0,6729.0
Counters/num_episodes,15.0,7020.0
Counters/num_episodes,15.0,7321.0
Counters/num_episodes,16.0,7616.0
Counters/num_episodes,16.0,7920.0
Counters/num_episodes,17.0,8220.0
Counters/num_episodes,18.0,8516.0
Counters/num_episodes,18.0,8810.0
Counters/num_episodes,19.0,9100.0
Counters/num_episodes,19.0,9399.0
Counters/num_episodes,20.0,9697.0
Counters/num_episodes,20.0,10000.0
Counters/num_episodes,21.0,10301.0
Counters/num_episodes,22.0,10602.0
Counters/num_episodes,22.0,10900.0
Counters/num_episodes,23.0,11202.0
Counters/num_episodes,24.0,11509.0
Counters/num_episodes,24.0,11810.0
Counters/num_episodes,25.0,12108.0
Counters/num_episodes,25.0,12409.0
Counters/num_episodes,26.0,12710.0
Counters/num_episodes,27.0,13010.0
Counters/num_episodes,27.0,13315.0
Counters/num_episodes,28.0,13620.0
Counters/num_episodes,28.0,13920.0
Counters/num_episodes,29.0,14223.0
Counters/num_episodes,30.0,14529.0
Counters/num_episodes,30.0,14831.0
Counters/num_episodes,31.0,15134.0
Counters/num_episodes,31.0,15438.0
Counters/num_episodes,32.0,15740.0
Counters/num_episodes,33.0,16044.0
Counters/num_episodes,33.0,16350.0
Counters/num_episodes,34.0,16656.0
Counters/num_episodes,34.0,16960.0
Counters/num_episodes,35.0,17260.0
Counters/num_episodes,36.0,17566.0
Counters/num_episodes,36.0,17866.0
Counters/num_episodes,37.0,18170.0
Counters/num_episodes,37.0,18468.0
Counters/num_episodes,38.0,18770.0
Counters/num_episodes,39.0,19073.0
Counters/num_episodes,39.0,19372.0
Counters/num_episodes,40.0,19677.0
Counters/num_episodes,40.0,19978.0
Counters/num_episodes,41.0,20261.0
Counters/num_episodes,41.0,20496.0
Counters/num_episodes,42.0,20797.0
Counters/num_episodes,43.0,21100.0
Counters/num_episodes,43.0,21400.0
Counters/num_episodes,44.0,21701.0
Counters/num_episodes,44.0,22000.0
Counters/num_episodes,45.0,22302.0
Counters/num_episodes,46.0,22604.0
Counters/num_episodes,46.0,22906.0
Counters/num_episodes,47.0,23210.0
Counters/num_episodes,48.0,23510.0
Counters/num_episodes,48.0,23815.0
Counters/num_episodes,49.0,24114.0
Counters/num_episodes,49.0,24418.0
Counters/num_episodes,50.0,24721.0
Counters/num_episodes,51.0,25022.0
Counters/num_episodes,51.0,25323.0
Counters/num_episodes,52.0,25621.0
Counters/num_episodes,52.0,25925.0
Counters/num_episodes,53.0,26226.0
Counters/num_episodes,54.0,26528.0
Counters/num_episodes,54.0,26830.0
Counters/num_episodes,55.0,27132.0
Counters/num_episodes,55.0,27435.0
Counters/num_episodes,56.0,27738.0
Counters/num_episodes,57.0,28039.0
Counters/num_episodes,57.0,28342.0
Counters/num_episodes,58.0,28644.0
Counters/num_episodes,58.0,28942.0
Counters/num_episodes,59.0,29247.0
Counters/num_episodes,60.0,29550.0
Counters/num_episodes,60.0,29850.0
Counters/num_episodes,61.0,30156.0
Counters/num_episodes,61.0,30455.0
Counters/num_episodes,62.0,30762.0
Counters/num_episodes,63.0,31066.0
Counters/num_episodes,63.0,31370.0
Counters/num_episodes,64.0,31676.0
Counters/num_episodes,64.0,31981.0
Counters/num_episodes,65.0,32278.0
Counters/num_episodes,66.0,32579.0
Counters/num_episodes,66.0,32878.0
Counters/num_episodes,67.0,33178.0
Counters/num_episodes,67.0,33478.0
Counters/num_episodes,68.0,33776.0
Counters/num_episodes,69.0,34074.0
Counters/num_episodes,69.0,34377.0
Counters/num_episodes,70.0,34680.0
Counters/num_episodes,70.0,34984.0
Counters/num_episodes,71.0,35283.0
Counters/num_episodes,72.0,35584.0
Counters/num_episodes,72.0,35882.0
Counters/num_episodes,73.0,36180.0
Counters/num_episodes,73.0,36480.0
Counters/num_episodes,74.0,36780.0
Counters/num_episodes,75.0,37084.0
Counters/num_episodes,75.0,37384.0
Counters/num_episodes,76.0,37684.0
Counters/num_episodes,76.0,37987.0
Counters/num_resets,5.0,2500.0
Counters/num_resets,6.0,2501.0
Counters/num_resets,6.0,2620.0
Counters/num_resets,6.0,2871.0
Counters/num_resets,7.0,3161.0
Counters/num_resets,7.0,3454.0
Counters/num_resets,8.0,3754.0
Counters/num_resets,9.0,4050.0
Counters/num_resets,9.0,4350.0
Counters/num_resets,10.0,4650.0
Counters/num_resets,10.0,4950.0
Counters/num_resets,11.0,5253.0
Counters/num_resets,12.0,5556.0
Counters/num_resets,12.0,5842.0
Counters/num_resets,13.0,6146.0
Counters/num_resets,13.0,6447.0
Counters/num_resets,14.0,6729.0
Counters/num_resets,15.0,7020.0
Counters/num_resets,15.0,7321.0
Counters/num_resets,16.0,7616.0
Counters/num_resets,16.0,7920.0
Counters/num_resets,17.0,8220.0
Counters/num_resets,18.0,8516.0
Counters/num_resets,18.0,8810.0
Counters/num_resets,19.0,9100.0
Counters/num_resets,19.0,9399.0
Counters/num_resets,20.0,9697.0
Counters/num_resets,20.0,10000.0
Counters/num_resets,21.0,10301.0
Counters/num_resets,22.0,10602.0
Counters/num_resets,22.0,10900.0
Counters/num_resets,23.0,11202.0
Counters/num_resets,24.0,11509.0
Counters/num_resets,24.0,11810.0
Counters/num_resets,25.0,12108.0
Counters/num_resets,25.0,12409.0
Counters/num_resets,26.0,12710.0
Counters/num_resets,27.0,13010.0
Counters/num_resets,27.0,13315.0
Counters/num_resets,28.0,13620.0
Counters/num_resets,28.0,13920.0
Counters/num_resets,29.0,14223.0
Counters/num_resets,30.0,14529.0
Counters/num_resets,30.0,14831.0
Counters/num_resets,31.0,15134.0
Counters/num_resets,31.0,15438.0
Counters/num_resets,32.0,15740.0
Counters/num_resets,33.0,16044.0
Counters/num_resets,33.0,16350.0
Counters/num_resets,34.0,16656.0
Counters/num_resets,34.0,16960.0
Counters/num_resets,35.0,17260.0
Counters/num_resets,36.0,17566.0
Counters/num_resets,36.0,17866.0
Counters/num_resets,37.0,18170.0
Counters/num_resets,37.0,18468.0
Counters/num_resets,38.0,18770.0
Counters/num_resets,39.0,19073.0
Counters/num_resets,39.0,19372.0
Counters/num_resets,40.0,19677.0
Counters/num_resets,40.0,19978.0
Counters/num_resets,41.0,20261.0
Counters/num_resets,41.0,20496.0
Counters/num_resets,42.0,20797.0
Counters/num_resets,43.0,21100.0
Counters/num_resets,43.0,21400.0
Counters/num_resets,44.0,21701.0
Counters/num_resets,44.0,22000.0
Counters/num_resets,45.0,22302.0
Counters/num_resets,46.0,22604.0
Counters/num_resets,46.0,22906.0
Counters/num_resets,47.0,23210.0
Counters/num_resets,48.0,23510.0
Counters/num_resets,48.0,23815.0
Counters/num_resets,49.0,24114.0
Counters/num_resets,49.0,24418.0
Counters/num_resets,50.0,24721.0
Counters/num_resets,51.0,25022.0
Counters/num_resets,51.0,25323.0
Counters/num_resets,52.0,25621.0
Counters/num_resets,52.0,25925.0
Counters/num_resets,53.0,26226.0
Counters/num_resets,54.0,26528.0
Counters/num_resets,54.0,26830.0
Counters/num_resets,55.0,27132.0
Counters/num_resets,55.0,27435.0
Counters/num_resets,56.0,27738.0
Counters/num_resets,57.0,28039.0
Counters/num_resets,57.0,28342.0
Counters/num_resets,58.0,28644.0
Counters/num_resets,58.0,28942.0
Counters/num_resets,59.0,29247.0
Counters/num_resets,60.0,29550.0
Counters/num_resets,60.0,29850.0
Counters/num_resets,61.0,30156.0
Counters/num_resets,61.0,30455.0
Counters/num_resets,62.0,30762.0
Counters/num_resets,63.0,31066.0
Counters/num_resets,63.0,31370.0
Counters/num_resets,64.0,31676.0
Counters/num_resets,64.0,31981.0
Counters/num_resets,65.0,32278.0
Counters/num_resets,66.0,32579.0
Counters/num_resets,66.0,32878.0
Counters/num_resets,67.0,33178.0
Counters/num_resets,67.0,33478.0
Counters/num_resets,68.0,33776.0
Counters/num_resets,69.0,34074.0
Counters/num_resets,69.0,34377.0
Counters/num_resets,70.0,34680.0
Counters/num_resets,70.0,34984.0
Counters/num_resets,71.0,35283.0
Counters/num_resets,72.0,35584.0
Counters/num_resets,72.0,35882.0
Counters/num_resets,73.0,36180.0
Counters/num_resets,73.0,36480.0
Counters/num_resets,74.0,36780.0
Counters/num_resets,75.0,37084.0
Counters/num_resets,75.0,37384.0
Counters/num_resets,76.0,37684.0
Counters/num_resets,76.0,37987.0
Counters/num_updates,0.0,2500.0
Counters/num_updates,1.0,2501.0
Counters/num_updates,120.0,2620.0
Counters/num_updates,371.0,2871.0
Counters/num_updates,661.0,3161.0
Counters/num_updates,954.0,3454.0
Counters/num_updates,1253.0,3754.0
Counters/num_updates,1550.0,4050.0
Counters/num_updates,1850.0,4350.0
Counters/num_updates,2150.0,4650.0
Counters/num_updates,2450.0,4950.0
Counters/num_updates,2753.0,5253.0
Counters/num_updates,3056.0,5556.0
Counters/num_updates,3342.0,5842.0
Counters/num_updates,3646.0,6146.0
Counters/num_updates,3947.0,6447.0
Counters/num_updates,4229.0,6729.0
Counters/num_updates,4520.0,7020.0
Counters/num_updates,4821.0,7321.0
Counters/num_updates,5116.0,7616.0
Counters/num_updates,5420.0,7920.0
Counters/num_updates,5720.0,8220.0
Counters/num_updates,6016.0,8516.0
Counters/num_updates,6310.0,8810.0
Counters/num_updates,6600.0,9100.0
Counters/num_updates,6899.0,9399.0
Counters/num_updates,7197.0,9697.0
Counters/num_updates,7500.0,10000.0
Counters/num_updates,7801.0,10301.0
Counters/num_updates,8102.0,10602.0
Counters/num_updates,8400.0,10900.0
Counters/num_updates,8702.0,11202.0
Counters/num_updates,9009.0,11509.0
Counters/num_updates,9310.0,11810.0
Counters/num_updates,9608.0,12108.0
Counters/num_updates,9909.0,12409.0
Counters/num_updates,10210.0,12710.0
Counters/num_updates,10510.0,13010.0
Counters/num_updates,10815.0,13315.0
Counters/num_updates,11120.0,13620.0
Counters/num_updates,11420.0,13920.0
Counters/num_updates,11723.0,14223.0
Counters/num_updates,12029.0,14529.0
Counters/num_updates,12331.0,14831.0
Counters/num_updates,12634.0,15134.0
Counters/num_updates,12938.0,15438.0
Counters/num_updates,13240.0,15740.0
Counters/num_updates,13544.0,16044.0
Counters/num_updates,13850.0,16350.0
Counters/num_updates,14156.0,16656.0
Counters/num_updates,14460.0,16960.0
Counters/num_updates,14760.0,17260.0
Counters/num_updates,15065.0,17566.0
Counters/num_updates,15366.0,17866.0
Counters/num_updates,15670.0,18170.0
Counters/num_updates,15968.0,18468.0
Counters/num_updates,16270.0,18770.0
Counters/num_updates,16573.0,19073.0
Counters/num_updates,16872.0,19372.0
Counters/num_updates,17177.0,19677.0
Counters/num_updates,17478.0,19978.0
Counters/num_updates,17761.0,20261.0
Counters/num_updates,17996.0,20496.0
Counters/num_updates,18297.0,20797.0
Counters/num_updates,18600.0,21100.0
Counters/num_updates,18900.0,21400.0
Counters/num_updates,19200.0,21701.0
Counters/num_updates,19500.0,22000.0
Counters/num_updates,19802.0,22302.0
Counters/num_updates,20104.0,22604.0
Counters/num_updates,20406.0,22906.0
Counters/num_updates,20710.0,23210.0
Counters/num_updates,21010.0,23510.0
Counters/num_updates,21315.0,23815.0
Counters/num_updates,21614.0,24114.0
Counters/num_updates,21918.0,24418.0
Counters/num_updates,22221.0,24721.0
Counters/num_updates,22522.0,25022.0
Counters/num_updates,22822.0,25323.0
Counters/num_updates,23121.0,25621.0
Counters/num_updates,23425.0,25925.0
Counters/num_updates,23726.0,26226.0
Counters/num_updates,24028.0,26528.0
Counters/num_updates,24330.0,26830.0
Counters/num_updates,24632.0,27132.0
Counters/num_updates,24935.0,27435.0
Counters/num_updates,25238.0,27738.0
Counters/num_updates,25539.0,28039.0
Counters/num_updates,25841.0,28342.0
Counters/num_updates,26144.0,28644.0
Counters/num_updates,26442.0,28942.0
Counters/num_updates,26747.0,29247.0
Counters/num_updates,27050.0,29550.0
Counters/num_updates,27350.0,29850.0
Counters/num_updates,27656.0,30156.0
Counters/num_updates,27955.0,30455.0
Counters/num_updates,28261.0,30762.0
Counters/num_updates,28565.0,31066.0
Counters/num_updates,28870.0,31370.0
Counters/num_updates,29176.0,31676.0
Counters/num_updates,29481.0,31981.0
Counters/num_updates,29778.0,32278.0
Counters/num_updates,30079.0,32579.0
Counters/num_updates,30378.0,32878.0
Counters/num_updates,30678.0,33178.0
Counters/num_updates,30978.0,33478.0
Counters/num_updates,31276.0,33776.0
Counters/num_updates,31574.0,34074.0
Counters/num_updates,31877.0,34377.0
Counters/num_updates,32180.0,34680.0
Counters/num_updates,32483.0,34984.0
Counters/num_updates,32783.0,35283.0
Counters/num_updates,33084.0,35584.0
Counters/num_updates,33382.0,35882.0
Counters/num_updates,33680.0,36180.0
Counters/num_updates,33980.0,36480.0
Counters/num_updates,34280.0,36780.0
Counters/num_updates,34584.0,37084.0
Counters/num_updates,34884.0,37384.0
Counters/num_updates,35184.0,37684.0
Counters/num_updates,35487.0,37987.0
Counters/num_meta_updates,0.0,2500.0
Counters/num_meta_updates,0.0,2501.0
Counters/num_meta_updates,13.0,2620.0
Counters/num_meta_updates,38.0,2871.0
Counters/num_meta_updates,67.0,3161.0
Counters/num_meta_updates,96.0,3454.0
Counters/num_meta_updates,126.0,3754.0
Counters/num_meta_updates,155.0,4050.0
Counters/num_meta_updates,185.0,4350.0
Counters/num_meta_updates,216.0,4650.0
Counters/num_meta_updates,246.0,4950.0
Counters/num_meta_updates,276.0,5253.0
Counters/num_meta_updates,306.0,5556.0
Counters/num_meta_updates,335.0,5842.0
Counters/num_meta_updates,365.0,6146.0
Counters/num_meta_updates,395.0,6447.0
Counters/num_meta_updates,423.0,6729.0
Counters/num_meta_updates,452.0,7020.0
Counters/num_meta_updates,483.0,7321.0
Counters/num_meta_updates,512.0,7616.0
Counters/num_meta_updates,542.0,7920.0
Counters/num_meta_updates,573.0,8220.0
Counters/num_meta_updates,602.0,8516.0
Counters/num_meta_updates,631.0,8810.0
Counters/num_meta_updates,660.0,9100.0
Counters/num_meta_updates,690.0,9399.0
Counters/num_meta_updates,720.0,9697.0
Counters/num_meta_updates,750.0,10000.0
Counters/num_meta_updates,781.0,10301.0
Counters/num_meta_updates,811.0,10602.0
Counters/num_meta_updates,841.0,10900.0
Counters/num_meta_updates,871.0,11202.0
Counters/num_meta_updates,901.0,11509.0
Counters/num_meta_updates,931.0,11810.0
Counters/num_meta_updates,961.0,12108.0
Counters/num_meta_updates,991.0,12409.0
Counters/num_meta_updates,1021.0,12710.0
Counters/num_meta_updates,1051.0,13010.0
Counters/num_meta_updates,1082.0,13315.0
Counters/num_meta_updates,1112.0,13620.0
Counters/num_meta_updates,1142.0,13920.0
Counters/num_meta_updates,1173.0,14223.0
Counters/num_meta_updates,1203.0,14529.0
Counters/num_meta_updates,1234.0,14831.0
Counters/num_meta_updates,1264.0,15134.0
Counters/num_meta_updates,1294.0,15438.0
Counters/num_meta_updates,1324.0,15740.0
Counters/num_meta_updates,1355.0,16044.0
Counters/num_meta_updates,1385.0,16350.0
Counters/num_meta_updates,1416.0,16656.0
Counters/num_meta_updates,1446.0,16960.0
Counters/num_meta_updates,1476.0,17260.0
Counters/num_meta_updates,1507.0,17566.0
Counters/num_meta_updates,1537.0,17866.0
Counters/num_meta_updates,1567.0,18170.0
Counters/num_meta_updates,1597.0,18468.0
Counters/num_meta_updates,1627.0,18770.0
Counters/num_meta_updates,1658.0,19073.0
Counters/num_meta_updates,1688.0,19372.0
Counters/num_meta_updates,1718.0,19677.0
Counters/num_meta_updates,1748.0,19978.0
Counters/num_meta_updates,1777.0,20261.0
Counters/num_meta_updates,1800.0,20496.0
Counters/num_meta_updates,1830.0,20797.0
Counters/num_meta_updates,1860.0,21100.0
Counters/num_meta_updates,1890.0,21400.0
Counters/num_meta_updates,1921.0,21701.0
Counters/num_meta_updates,1950.0,22000.0
Counters/num_meta_updates,1981.0,22302.0
Counters/num_meta_updates,2011.0,22604.0
Counters/num_meta_updates,2041.0,22906.0
Counters/num_meta_updates,2071.0,23210.0
Counters/num_meta_updates,2101.0,23510.0
Counters/num_meta_updates,2132.0,23815.0
Counters/num_meta_updates,2162.0,24114.0
Counters/num_meta_updates,2192.0,24418.0
Counters/num_meta_updates,2223.0,24721.0
Counters/num_meta_updates,2253.0,25022.0
Counters/num_meta_updates,2283.0,25323.0
Counters/num_meta_updates,2313.0,25621.0
Counters/num_meta_updates,2343.0,25925.0
Counters/num_meta_updates,2373.0,26226.0
Counters/num_meta_updates,2403.0,26528.0
Counters/num_meta_updates,2433.0,26830.0
Counters/num_meta_updates,2464.0,27132.0
Counters/num_meta_updates,2494.0,27435.0
Counters/num_meta_updates,2524.0,27738.0
Counters/num_meta_updates,2554.0,28039.0
Counters/num_meta_updates,2585.0,28342.0
Counters/num_meta_updates,2615.0,28644.0
Counters/num_meta_updates,2645.0,28942.0
Counters/num_meta_updates,2675.0,29247.0
Counters/num_meta_updates,2705.0,29550.0
Counters/num_meta_updates,2736.0,29850.0
Counters/num_meta_updates,2766.0,30156.0
Counters/num_meta_updates,2796.0,30455.0
Counters/num_meta_updates,2827.0,30762.0
Counters/num_meta_updates,2857.0,31066.0
Counters/num_meta_updates,2887.0,31370.0
Counters/num_meta_updates,2918.0,31676.0
Counters/num_meta_updates,2949.0,31981.0
Counters/num_meta_updates,2978.0,32278.0
Counters/num_meta_updates,3008.0,32579.0
Counters/num_meta_updates,3038.0,32878.0
Counters/num_meta_updates,3068.0,33178.0
Counters/num_meta_updates,3098.0,33478.0
Counters/num_meta_updates,3128.0,33776.0
Counters/num_meta_updates,3158.0,34074.0
Counters/num_meta_updates,3188.0,34377.0
Counters/num_meta_updates,3218.0,34680.0
Counters/num_meta_updates,3249.0,34984.0
Counters/num_meta_updates,3279.0,35283.0
Counters/num_meta_updates,3309.0,35584.0
Counters/num_meta_updates,3339.0,35882.0
Counters/num_meta_updates,3368.0,36180.0
Counters/num_meta_updates,3398.0,36480.0
Counters/num_meta_updates,3428.0,36780.0
Counters/num_meta_updates,3459.0,37084.0
Counters/num_meta_updates,3489.0,37384.0
Counters/num_meta_updates,3519.0,37684.0
Counters/num_meta_updates,3549.0,37987.0
Counters/replay_buffer_adds,2500.0,2500.0
Counters/replay_buffer_adds,2501.0,2501.0
Counters/replay_buffer_adds,2620.0,2620.0
Counters/replay_buffer_adds,2871.0,2871.0
Counters/replay_buffer_adds,3160.0,3161.0
Counters/replay_buffer_adds,3454.0,3454.0
Counters/replay_buffer_adds,3753.0,3754.0
Counters/replay_buffer_adds,4050.0,4050.0
Counters/replay_buffer_adds,4350.0,4350.0
Counters/replay_buffer_adds,4650.0,4650.0
Counters/replay_buffer_adds,4950.0,4950.0
Counters/replay_buffer_adds,5252.0,5253.0
Counters/replay_buffer_adds,5555.0,5556.0
Counters/replay_buffer_adds,5841.0,5842.0
Counters/replay_buffer_adds,6145.0,6146.0
Counters/replay_buffer_adds,6447.0,6447.0
Counters/replay_buffer_adds,6728.0,6729.0
Counters/replay_buffer_adds,7020.0,7020.0
Counters/replay_buffer_adds,7320.0,7321.0
Counters/replay_buffer_adds,7615.0,7616.0
Counters/replay_buffer_adds,7920.0,7920.0
Counters/replay_buffer_adds,8220.0,8220.0
Counters/replay_buffer_adds,8515.0,8516.0
Counters/replay_buffer_adds,8810.0,8810.0
Counters/replay_buffer_adds,9100.0,9100.0
Counters/replay_buffer_adds,9398.0,9399.0
Counters/replay_buffer_adds,9696.0,9697.0
Counters/replay_buffer_adds,10000.0,10000.0
Counters/replay_buffer_adds,10301.0,10301.0
Counters/replay_buffer_adds,10601.0,10602.0
Counters/replay_buffer_adds,10900.0,10900.0
Counters/replay_buffer_adds,11202.0,11202.0
Counters/replay_buffer_adds,11509.0,11509.0
Counters/replay_buffer_adds,11810.0,11810.0
Counters/replay_buffer_adds,12107.0,12108.0
Counters/replay_buffer_adds,12408.0,12409.0
Counters/replay_buffer_adds,12710.0,12710.0
Counters/replay_buffer_adds,13010.0,13010.0
Counters/replay_buffer_adds,13314.0,13315.0
Counters/replay_buffer_adds,13620.0,13620.0
Counters/replay_buffer_adds,13920.0,13920.0
Counters/replay_buffer_adds,14222.0,14223.0
Counters/replay_buffer_adds,14529.0,14529.0
Counters/replay_buffer_adds,14830.0,14831.0
Counters/replay_buffer_adds,15133.0,15134.0
Counters/replay_buffer_adds,15438.0,15438.0
Counters/replay_buffer_adds,15739.0,15740.0
Counters/replay_buffer_adds,16043.0,16044.0
Counters/replay_buffer_adds,16349.0,16350.0
Counters/replay_buffer_adds,16656.0,16656.0
Counters/replay_buffer_adds,16959.0,16960.0
Counters/replay_buffer_adds,17260.0,17260.0
Counters/replay_buffer_adds,17566.0,17566.0
Counters/replay_buffer_adds,17865.0,17866.0
Counters/replay_buffer_adds,18169.0,18170.0
Counters/replay_buffer_adds,18468.0,18468.0
Counters/replay_buffer_adds,18770.0,18770.0
Counters/replay_buffer_adds,19073.0,19073.0
Counters/replay_buffer_adds,19372.0,19372.0
Counters/replay_buffer_adds,19676.0,19677.0
Counters/replay_buffer_adds,19978.0,19978.0
Counters/replay_buffer_adds,20260.0,20261.0
Counters/replay_buffer_adds,20496.0,20496.0
Counters/replay_buffer_adds,20796.0,20797.0
Counters/replay_buffer_adds,21100.0,21100.0
Counters/replay_buffer_adds,21400.0,21400.0
Counters/replay_buffer_adds,21701.0,21701.0
Counters/replay_buffer_adds,21999.0,22000.0
Counters/replay_buffer_adds,22302.0,22302.0
Counters/replay_buffer_adds,22604.0,22604.0
Counters/replay_buffer_adds,22905.0,22906.0
Counters/replay_buffer_adds,23210.0,23210.0
Counters/replay_buffer_adds,23510.0,23510.0
Counters/replay_buffer_adds,23814.0,23815.0
Counters/replay_buffer_adds,24113.0,24114.0
Counters/replay_buffer_adds,24418.0,24418.0
Counters/replay_buffer_adds,24720.0,24721.0
Counters/replay_buffer_adds,25021.0,25022.0
Counters/replay_buffer_adds,25322.0,25323.0
Counters/replay_buffer_adds,25621.0,25621.0
Counters/replay_buffer_adds,25925.0,25925.0
Counters/replay_buffer_adds,26226.0,26226.0
Counters/replay_buffer_adds,26528.0,26528.0
Counters/replay_buffer_adds,26830.0,26830.0
Counters/replay_buffer_adds,27131.0,27132.0
Counters/replay_buffer_adds,27434.0,27435.0
Counters/replay_buffer_adds,27737.0,27738.0
Counters/replay_buffer_adds,28039.0,28039.0
Counters/replay_buffer_adds,28341.0,28342.0
Counters/replay_buffer_adds,28643.0,28644.0
Counters/replay_buffer_adds,28942.0,28942.0
Counters/replay_buffer_adds,29247.0,29247.0
Counters/replay_buffer_adds,29550.0,29550.0
Counters/replay_buffer_adds,29850.0,29850.0
Counters/replay_buffer_adds,30155.0,30156.0
Counters/replay_buffer_adds,30455.0,30455.0
Counters/replay_buffer_adds,30761.0,30762.0
Counters/replay_buffer_adds,31065.0,31066.0
Counters/replay_buffer_adds,31370.0,31370.0
Counters/replay_buffer_adds,31676.0,31676.0
Counters/replay_buffer_adds,31980.0,31981.0
Counters/replay_buffer_adds,32277.0,32278.0
Counters/replay_buffer_adds,32579.0,32579.0
Counters/replay_buffer_adds,32877.0,32878.0
Counters/replay_buffer_adds,33177.0,33178.0
Counters/replay_buffer_adds,33478.0,33478.0
Counters/replay_buffer_adds,33776.0,33776.0
Counters/replay_buffer_adds,34073.0,34074.0
Counters/replay_buffer_adds,34377.0,34377.0
Counters/replay_buffer_adds,34679.0,34680.0
Counters/replay_buffer_adds,34983.0,34984.0
Counters/replay_buffer_adds,35283.0,35283.0
Counters/replay_buffer_adds,35584.0,35584.0
Counters/replay_buffer_adds,35882.0,35882.0
Counters/replay_buffer_adds,36180.0,36180.0
Counters/replay_buffer_adds,36480.0,36480.0
Counters/replay_buffer_adds,36780.0,36780.0
Counters/replay_buffer_adds,37083.0,37084.0
Counters/replay_buffer_adds,37384.0,37384.0
Counters/replay_buffer_adds,37684.0,37684.0
Counters/replay_buffer_adds,37987.0,37987.0
Counters/meta_replay_buffer_adds,250.0,2500.0
Counters/meta_replay_buffer_adds,250.0,2501.0
Counters/meta_replay_buffer_adds,261.0,2620.0
Counters/meta_replay_buffer_adds,286.0,2871.0
Counters/meta_replay_buffer_adds,315.0,3161.0
Counters/meta_replay_buffer_adds,345.0,3454.0
Counters/meta_replay_buffer_adds,375.0,3754.0
Counters/meta_replay_buffer_adds,404.0,4050.0
Counters/meta_replay_buffer_adds,434.0,4350.0
Counters/meta_replay_buffer_adds,464.0,4650.0
Counters/meta_replay_buffer_adds,494.0,4950.0
Counters/meta_replay_buffer_adds,525.0,5253.0
Counters/meta_replay_buffer_adds,555.0,5556.0
Counters/meta_replay_buffer_adds,583.0,5842.0
Counters/meta_replay_buffer_adds,614.0,6146.0
Counters/meta_replay_buffer_adds,644.0,6447.0
Counters/meta_replay_buffer_adds,672.0,6729.0
Counters/meta_replay_buffer_adds,701.0,7020.0
Counters/meta_replay_buffer_adds,731.0,7321.0
Counters/meta_replay_buffer_adds,761.0,7616.0
Counters/meta_replay_buffer_adds,791.0,7920.0
Counters/meta_replay_buffer_adds,821.0,8220.0
Counters/meta_replay_buffer_adds,851.0,8516.0
Counters/meta_replay_buffer_adds,880.0,8810.0
Counters/meta_replay_buffer_adds,909.0,9100.0
Counters/meta_replay_buffer_adds,939.0,9399.0
Counters/meta_replay_buffer_adds,969.0,9697.0
Counters/meta_replay_buffer_adds,1000.0,10000.0
Counters/meta_replay_buffer_adds,1029.0,10301.0
Counters/meta_replay_buffer_adds,1059.0,10602.0
Counters/meta_replay_buffer_adds,1089.0,10900.0
Counters/meta_replay_buffer_adds,1120.0,11202.0
Counters/meta_replay_buffer_adds,1150.0,11509.0
Counters/meta_replay_buffer_adds,1180.0,11810.0
Counters/meta_replay_buffer_adds,1210.0,12108.0
Counters/meta_replay_buffer_adds,1240.0,12409.0
Counters/meta_replay_buffer_adds,1270.0,12710.0
Counters/meta_replay_buffer_adds,1300.0,13010.0
Counters/meta_replay_buffer_adds,1331.0,13315.0
Counters/meta_replay_buffer_adds,1361.0,13620.0
Counters/meta_replay_buffer_adds,1391.0,13920.0
Counters/meta_replay_buffer_adds,1422.0,14223.0
Counters/meta_replay_buffer_adds,1452.0,14529.0
Counters/meta_replay_buffer_adds,1482.0,14831.0
Counters/meta_replay_buffer_adds,1513.0,15134.0
Counters/meta_replay_buffer_adds,1543.0,15438.0
Counters/meta_replay_buffer_adds,1573.0,15740.0
Counters/meta_replay_buffer_adds,1604.0,16044.0
Counters/meta_replay_buffer_adds,1634.0,16350.0
Counters/meta_replay_buffer_adds,1665.0,16656.0
Counters/meta_replay_buffer_adds,1695.0,16960.0
Counters/meta_replay_buffer_adds,1725.0,17260.0
Counters/meta_replay_buffer_adds,1756.0,17566.0
Counters/meta_replay_buffer_adds,1786.0,17866.0
Counters/meta_replay_buffer_adds,1816.0,18170.0
Counters/meta_replay_buffer_adds,1846.0,18468.0
Counters/meta_replay_buffer_adds,1876.0,18770.0
Counters/meta_replay_buffer_adds,1907.0,19073.0
Counters/meta_replay_buffer_adds,1937.0,19372.0
Counters/meta_replay_buffer_adds,1967.0,19677.0
Counters/meta_replay_buffer_adds,1997.0,19978.0
Counters/meta_replay_buffer_adds,2025.0,20261.0
Counters/meta_replay_buffer_adds,2049.0,20496.0
Counters/meta_replay_buffer_adds,2079.0,20797.0
Counters/meta_replay_buffer_adds,2109.0,21100.0
Counters/meta_replay_buffer_adds,2139.0,21400.0
Counters/meta_replay_buffer_adds,2169.0,21701.0
Counters/meta_replay_buffer_adds,2199.0,22000.0
Counters/meta_replay_buffer_adds,2230.0,22302.0
Counters/meta_replay_buffer_adds,2260.0,22604.0
Counters/meta_replay_buffer_adds,2290.0,22906.0
Counters/meta_replay_buffer_adds,2320.0,23210.0
Counters/meta_replay_buffer_adds,2350.0,23510.0
Counters/meta_replay_buffer_adds,2381.0,23815.0
Counters/meta_replay_buffer_adds,2411.0,24114.0
Counters/meta_replay_buffer_adds,2441.0,24418.0
Counters/meta_replay_buffer_adds,2471.0,24721.0
Counters/meta_replay_buffer_adds,2501.0,25022.0
Counters/meta_replay_buffer_adds,2532.0,25323.0
Counters/meta_replay_buffer_adds,2561.0,25621.0
Counters/meta_replay_buffer_adds,2592.0,25925.0
Counters/meta_replay_buffer_adds,2622.0,26226.0
Counters/meta_replay_buffer_adds,2652.0,26528.0
Counters/meta_replay_buffer_adds,2682.0,26830.0
Counters/meta_replay_buffer_adds,2712.0,27132.0
Counters/meta_replay_buffer_adds,2743.0,27435.0
Counters/meta_replay_buffer_adds,2773.0,27738.0
Counters/meta_replay_buffer_adds,2803.0,28039.0
Counters/meta_replay_buffer_adds,2833.0,28342.0
Counters/meta_replay_buffer_adds,2864.0,28644.0
Counters/meta_replay_buffer_adds,2894.0,28942.0
Counters/meta_replay_buffer_adds,2924.0,29247.0
Counters/meta_replay_buffer_adds,2954.0,29550.0
Counters/meta_replay_buffer_adds,2984.0,29850.0
Counters/meta_replay_buffer_adds,3015.0,30156.0
Counters/meta_replay_buffer_adds,3045.0,30455.0
Counters/meta_replay_buffer_adds,3075.0,30762.0
Counters/meta_replay_buffer_adds,3106.0,31066.0
Counters/meta_replay_buffer_adds,3136.0,31370.0
Counters/meta_replay_buffer_adds,3167.0,31676.0
Counters/meta_replay_buffer_adds,3197.0,31981.0
Counters/meta_replay_buffer_adds,3227.0,32278.0
Counters/meta_replay_buffer_adds,3257.0,32579.0
Counters/meta_replay_buffer_adds,3287.0,32878.0
Counters/meta_replay_buffer_adds,3317.0,33178.0
Counters/meta_replay_buffer_adds,3347.0,33478.0
Counters/meta_replay_buffer_adds,3377.0,33776.0
Counters/meta_replay_buffer_adds,3407.0,34074.0
Counters/meta_replay_buffer_adds,3437.0,34377.0
Counters/meta_replay_buffer_adds,3467.0,34680.0
Counters/meta_replay_buffer_adds,3498.0,34984.0
Counters/meta_replay_buffer_adds,3528.0,35283.0
Counters/meta_replay_buffer_adds,3558.0,35584.0
Counters/meta_replay_buffer_adds,3588.0,35882.0
Counters/meta_replay_buffer_adds,3617.0,36180.0
Counters/meta_replay_buffer_adds,3647.0,36480.0
Counters/meta_replay_buffer_adds,3677.0,36780.0
Counters/meta_replay_buffer_adds,3708.0,37084.0
Counters/meta_replay_buffer_adds,3738.0,37384.0
Counters/meta_replay_buffer_adds,3768.0,37684.0
Counters/meta_replay_buffer_adds,3798.0,37987.0
avg_episode_rewards,-45.33171463012695,2500.0
avg_episode_rewards,-56.72927474975586,2501.0
avg_episode_rewards,-56.72927474975586,2620.0
avg_episode_rewards,-56.72927474975586,2871.0
avg_episode_rewards,-78.69445037841797,3161.0
avg_episode_rewards,-78.69445037841797,3454.0
avg_episode_rewards,-106.0841064453125,3754.0
avg_episode_rewards,-124.381103515625,4050.0
avg_episode_rewards,-124.381103515625,4350.0
avg_episode_rewards,-143.11746215820312,4650.0
avg_episode_rewards,-143.11746215820312,4950.0
avg_episode_rewards,-161.55091857910156,5253.0
avg_episode_rewards,-176.810302734375,5556.0
avg_episode_rewards,-176.810302734375,5842.0
avg_episode_rewards,-189.75985717773438,6146.0
avg_episode_rewards,-189.75985717773438,6447.0
avg_episode_rewards,-206.50108337402344,6729.0
avg_episode_rewards,-219.19212341308594,7020.0
avg_episode_rewards,-219.19212341308594,7321.0
avg_episode_rewards,-234.19085693359375,7616.0
avg_episode_rewards,-234.19085693359375,7920.0
avg_episode_rewards,-250.6934051513672,8220.0
avg_episode_rewards,-267.386474609375,8516.0
avg_episode_rewards,-267.386474609375,8810.0
avg_episode_rewards,-286.4580078125,9100.0
avg_episode_rewards,-286.4580078125,9399.0
avg_episode_rewards,-306.6324462890625,9697.0
avg_episode_rewards,-306.6324462890625,10000.0
avg_episode_rewards,-319.2157897949219,10301.0
avg_episode_rewards,-331.4348449707031,10602.0
avg_episode_rewards,-331.4348449707031,10900.0
avg_episode_rewards,-343.7432861328125,11202.0
avg_episode_rewards,-372.7490539550781,11509.0
avg_episode_rewards,-372.7490539550781,11810.0
avg_episode_rewards,-389.2472229003906,12108.0
avg_episode_rewards,-389.2472229003906,12409.0
avg_episode_rewards,-403.6571044921875,12710.0
avg_episode_rewards,-415.54052734375,13010.0
avg_episode_rewards,-415.54052734375,13315.0
avg_episode_rewards,-461.2269592285156,13620.0
avg_episode_rewards,-461.2269592285156,13920.0
avg_episode_rewards,-477.43719482421875,14223.0
avg_episode_rewards,-525.6304931640625,14529.0
avg_episode_rewards,-525.6304931640625,14831.0
avg_episode_rewards,-540.5143432617188,15134.0
avg_episode_rewards,-540.5143432617188,15438.0
avg_episode_rewards,-560.1543579101562,15740.0
avg_episode_rewards,-574.7241821289062,16044.0
avg_episode_rewards,-574.7241821289062,16350.0
avg_episode_rewards,-587.2368774414062,16656.0
avg_episode_rewards,-587.2368774414062,16960.0
avg_episode_rewards,-601.337158203125,17260.0
avg_episode_rewards,-614.9053344726562,17566.0
avg_episode_rewards,-614.9053344726562,17866.0
avg_episode_rewards,-628.099365234375,18170.0
avg_episode_rewards,-628.099365234375,18468.0
avg_episode_rewards,-696.1886596679688,18770.0
avg_episode_rewards,-720.2589721679688,19073.0
avg_episode_rewards,-720.2589721679688,19372.0
avg_episode_rewards,-736.2734985351562,19677.0
avg_episode_rewards,-736.2734985351562,19978.0
avg_episode_rewards,-757.4173583984375,20261.0
avg_episode_rewards,-757.4173583984375,20496.0
avg_episode_rewards,-817.640380859375,20797.0
avg_episode_rewards,-853.5208129882812,21100.0
avg_episode_rewards,-853.5208129882812,21400.0
avg_episode_rewards,-881.412109375,21701.0
avg_episode_rewards,-881.412109375,22000.0
avg_episode_rewards,-899.2484741210938,22302.0
avg_episode_rewards,-916.5680541992188,22604.0
avg_episode_rewards,-916.5680541992188,22906.0
avg_episode_rewards,-934.060302734375,23210.0
avg_episode_rewards,-950.263427734375,23510.0
avg_episode_rewards,-950.263427734375,23815.0
avg_episode_rewards,-966.6890869140625,24114.0
avg_episode_rewards,-966.6890869140625,24418.0
avg_episode_rewards,-995.7025146484375,24721.0
avg_episode_rewards,-1038.093017578125,25022.0
avg_episode_rewards,-1038.093017578125,25323.0
avg_episode_rewards,-1074.6824951171875,25621.0
avg_episode_rewards,-1074.6824951171875,25925.0
avg_episode_rewards,-1113.215087890625,26226.0
avg_episode_rewards,-1160.639404296875,26528.0
avg_episode_rewards,-1160.639404296875,26830.0
avg_episode_rewards,-1189.0567626953125,27132.0
avg_episode_rewards,-1189.0567626953125,27435.0
avg_episode_rewards,-1206.8658447265625,27738.0
avg_episode_rewards,-1245.6678466796875,28039.0
avg_episode_rewards,-1245.6678466796875,28342.0
avg_episode_rewards,-1257.469482421875,28644.0
avg_episode_rewards,-1257.469482421875,28942.0
avg_episode_rewards,-1276.5162353515625,29247.0
avg_episode_rewards,-1330.4822998046875,29550.0
avg_episode_rewards,-1330.4822998046875,29850.0
avg_episode_rewards,-1353.021484375,30156.0
avg_episode_rewards,-1353.021484375,30455.0
avg_episode_rewards,-1369.610595703125,30762.0
avg_episode_rewards,-1409.575439453125,31066.0
avg_episode_rewards,-1409.575439453125,31370.0
avg_episode_rewards,-1456.8101806640625,31676.0
avg_episode_rewards,-1456.8101806640625,31981.0
avg_episode_rewards,-1505.320068359375,32278.0
avg_episode_rewards,-1536.1280517578125,32579.0
avg_episode_rewards,-1536.1280517578125,32878.0
avg_episode_rewards,-1576.126953125,33178.0
avg_episode_rewards,-1576.126953125,33478.0
avg_episode_rewards,-1607.7496337890625,33776.0
avg_episode_rewards,-1671.9632568359375,34074.0
avg_episode_rewards,-1671.9632568359375,34377.0
avg_episode_rewards,-1716.04296875,34680.0
avg_episode_rewards,-1716.04296875,34984.0
avg_episode_rewards,-1746.42822265625,35283.0
avg_episode_rewards,-1814.7606201171875,35584.0
avg_episode_rewards,-1814.7606201171875,35882.0
avg_episode_rewards,-1874.8194580078125,36180.0
avg_episode_rewards,-1874.8194580078125,36480.0
avg_episode_rewards,-1943.8421630859375,36780.0
avg_episode_rewards,-2012.649658203125,37084.0
avg_episode_rewards,-2012.649658203125,37384.0
avg_episode_rewards,-2027.1341552734375,37684.0
avg_episode_rewards,-2027.1341552734375,37987.0
avg_episode_meta_rewards,-305.62066650390625,2500.0
avg_episode_meta_rewards,-409.8029479980469,2501.0
avg_episode_meta_rewards,-409.8029479980469,2620.0
avg_episode_meta_rewards,-409.8029479980469,2871.0
avg_episode_meta_rewards,-521.0183715820312,3161.0
avg_episode_meta_rewards,-521.0183715820312,3454.0
avg_episode_meta_rewards,-608.6898803710938,3754.0
avg_episode_meta_rewards,-679.9782104492188,4050.0
avg_episode_meta_rewards,-679.9782104492188,4350.0
avg_episode_meta_rewards,-765.1636962890625,4650.0
avg_episode_meta_rewards,-765.1636962890625,4950.0
avg_episode_meta_rewards,-847.4529418945312,5253.0
avg_episode_meta_rewards,-924.3972778320312,5556.0
avg_episode_meta_rewards,-924.3972778320312,5842.0
avg_episode_meta_rewards,-995.8076171875,6146.0
avg_episode_meta_rewards,-995.8076171875,6447.0
avg_episode_meta_rewards,-1085.427978515625,6729.0
avg_episode_meta_rewards,-1162.34912109375,7020.0
avg_episode_meta_rewards,-1162.34912109375,7321.0
avg_episode_meta_rewards,-1221.682373046875,7616.0
avg_episode_meta_rewards,-1221.682373046875,7920.0
avg_episode_meta_rewards,-1311.203369140625,8220.0
avg_episode_meta_rewards,-1398.716552734375,8516.0
avg_episode_meta_rewards,-1398.716552734375,8810.0
avg_episode_meta_rewards,-1443.7781982421875,9100.0
avg_episode_meta_rewards,-1443.7781982421875,9399.0
avg_episode_meta_rewards,-1470.5931396484375,9697.0
avg_episode_meta_rewards,-1470.5931396484375,10000.0
avg_episode_meta_rewards,-1519.063720703125,10301.0
avg_episode_meta_rewards,-1534.6744384765625,10602.0
avg_episode_meta_rewards,-1534.6744384765625,10900.0
avg_episode_meta_rewards,-1552.6751708984375,11202.0
avg_episode_meta_rewards,-1649.822021484375,11509.0
avg_episode_meta_rewards,-1649.822021484375,11810.0
avg_episode_meta_rewards,-1711.3026123046875,12108.0
avg_episode_meta_rewards,-1711.3026123046875,12409.0
avg_episode_meta_rewards,-1762.2755126953125,12710.0
avg_episode_meta_rewards,-1800.405029296875,13010.0
avg_episode_meta_rewards,-1800.405029296875,13315.0
avg_episode_meta_rewards,-1895.701904296875,13620.0
avg_episode_meta_rewards,-1895.701904296875,13920.0
avg_episode_meta_rewards,-1922.8994140625,14223.0
avg_episode_meta_rewards,-2024.033447265625,14529.0
avg_episode_meta_rewards,-2024.033447265625,14831.0
avg_episode_meta_rewards,-2110.770263671875,15134.0
avg_episode_meta_rewards,-2110.770263671875,15438.0
avg_episode_meta_rewards,-2227.8779296875,15740.0
avg_episode_meta_rewards,-2289.047607421875,16044.0
avg_episode_meta_rewards,-2289.047607421875,16350.0
avg_episode_meta_rewards,-2296.542724609375,16656.0
avg_episode_meta_rewards,-2296.542724609375,16960.0
avg_episode_meta_rewards,-2380.678466796875,17260.0
avg_episode_meta_rewards,-2432.19580078125,17566.0
avg_episode_meta_rewards,-2432.19580078125,17866.0
avg_episode_meta_rewards,-2497.85595703125,18170.0
avg_episode_meta_rewards,-2497.85595703125,18468.0
avg_episode_meta_rewards,-2593.065673828125,18770.0
avg_episode_meta_rewards,-2641.948974609375,19073.0
avg_episode_meta_rewards,-2641.948974609375,19372.0
avg_episode_meta_rewards,-2749.085205078125,19677.0
avg_episode_meta_rewards,-2749.085205078125,19978.0
avg_episode_meta_rewards,-2769.10595703125,20261.0
avg_episode_meta_rewards,-2769.10595703125,20496.0
avg_episode_meta_rewards,-2847.473388671875,20797.0
avg_episode_meta_rewards,-2935.970703125,21100.0
avg_episode_meta_rewards,-2935.970703125,21400.0
avg_episode_meta_rewards,-3020.375,21701.0
avg_episode_meta_rewards,-3020.375,22000.0
avg_episode_meta_rewards,-3112.10107421875,22302.0
avg_episode_meta_rewards,-3187.485595703125,22604.0
avg_episode_meta_rewards,-3187.485595703125,22906.0
avg_episode_meta_rewards,-3200.768310546875,23210.0
avg_episode_meta_rewards,-3274.37109375,23510.0
avg_episode_meta_rewards,-3274.37109375,23815.0
avg_episode_meta_rewards,-3360.53759765625,24114.0
avg_episode_meta_rewards,-3360.53759765625,24418.0
avg_episode_meta_rewards,-3424.503173828125,24721.0
avg_episode_meta_rewards,-3474.31005859375,25022.0
avg_episode_meta_rewards,-3474.31005859375,25323.0
avg_episode_meta_rewards,-3527.47021484375,25621.0
avg_episode_meta_rewards,-3527.47021484375,25925.0
avg_episode_meta_rewards,-3607.589599609375,26226.0
avg_episode_meta_rewards,-3675.994873046875,26528.0
avg_episode_meta_rewards,-3675.994873046875,26830.0
avg_episode_meta_rewards,-3729.185546875,27132.0
avg_episode_meta_rewards,-3729.185546875,27435.0
avg_episode_meta_rewards,-3830.410400390625,27738.0
avg_episode_meta_rewards,-3915.875,28039.0
avg_episode_meta_rewards,-3915.875,28342.0
avg_episode_meta_rewards,-3928.248046875,28644.0
avg_episode_meta_rewards,-3928.248046875,28942.0
avg_episode_meta_rewards,-3954.57080078125,29247.0
avg_episode_meta_rewards,-4049.050537109375,29550.0
avg_episode_meta_rewards,-4049.050537109375,29850.0
avg_episode_meta_rewards,-4084.6455078125,30156.0
avg_episode_meta_rewards,-4084.6455078125,30455.0
avg_episode_meta_rewards,-4122.4658203125,30762.0
avg_episode_meta_rewards,-4219.35595703125,31066.0
avg_episode_meta_rewards,-4219.35595703125,31370.0
avg_episode_meta_rewards,-4305.00390625,31676.0
avg_episode_meta_rewards,-4305.00390625,31981.0
avg_episode_meta_rewards,-4355.6923828125,32278.0
avg_episode_meta_rewards,-4468.787109375,32579.0
avg_episode_meta_rewards,-4468.787109375,32878.0
avg_episode_meta_rewards,-4536.0556640625,33178.0
avg_episode_meta_rewards,-4536.0556640625,33478.0
avg_episode_meta_rewards,-4621.92626953125,33776.0
avg_episode_meta_rewards,-4716.298828125,34074.0
avg_episode_meta_rewards,-4716.298828125,34377.0
avg_episode_meta_rewards,-4782.26806640625,34680.0
avg_episode_meta_rewards,-4782.26806640625,34984.0
avg_episode_meta_rewards,-4794.724609375,35283.0
avg_episode_meta_rewards,-4881.25830078125,35584.0
avg_episode_meta_rewards,-4881.25830078125,35882.0
avg_episode_meta_rewards,-4958.64306640625,36180.0
avg_episode_meta_rewards,-4958.64306640625,36480.0
avg_episode_meta_rewards,-5038.0244140625,36780.0
avg_episode_meta_rewards,-5174.23388671875,37084.0
avg_episode_meta_rewards,-5174.23388671875,37384.0
avg_episode_meta_rewards,-5198.71728515625,37684.0
avg_episode_meta_rewards,-5198.71728515625,37987.0
meta_2/Reward/average_step_reward,-15.986444473266602,2500.0
meta_2/Reward/average_step_reward,-16.573837280273438,2501.0
meta_2/Reward/average_step_reward,-16.685592651367188,2620.0
meta_2/Reward/average_step_reward,-16.761165618896484,2871.0
meta_2/Reward/average_step_reward,-17.5555362701416,3161.0
meta_2/Reward/average_step_reward,-16.62144660949707,3454.0
meta_2/Reward/average_step_reward,-17.44428062438965,3754.0
meta_2/Reward/average_step_reward,-15.563776016235352,4050.0
meta_2/Reward/average_step_reward,-16.7429256439209,4350.0
meta_2/Reward/average_step_reward,-17.437028884887695,4650.0
meta_2/Reward/average_step_reward,-16.69391632080078,4950.0
meta_2/Reward/average_step_reward,-16.38253402709961,5253.0
meta_2/Reward/average_step_reward,-16.959867477416992,5556.0
meta_2/Reward/average_step_reward,-16.226478576660156,5842.0
meta_2/Reward/average_step_reward,-16.388469696044922,6146.0
meta_2/Reward/average_step_reward,-16.2619686126709,6447.0
meta_2/Reward/average_step_reward,-16.829072952270508,6729.0
meta_2/Reward/average_step_reward,-15.941065788269043,7020.0
meta_2/Reward/average_step_reward,-16.45574378967285,7321.0
meta_2/Reward/average_step_reward,-16.35334587097168,7616.0
meta_2/Reward/average_step_reward,-16.029325485229492,7920.0
meta_2/Reward/average_step_reward,-16.02947235107422,8220.0
meta_2/Reward/average_step_reward,-16.54393768310547,8516.0
meta_2/Reward/average_step_reward,-15.916245460510254,8810.0
meta_2/Reward/average_step_reward,-15.517060279846191,9100.0
meta_2/Reward/average_step_reward,-16.014741897583008,9399.0
meta_2/Reward/average_step_reward,-15.647690773010254,9697.0
meta_2/Reward/average_step_reward,-14.416175842285156,10000.0
meta_2/Reward/average_step_reward,-14.558069229125977,10301.0
meta_2/Reward/average_step_reward,-14.01181411743164,10602.0
meta_2/Reward/average_step_reward,-14.169573783874512,10900.0
meta_2/Reward/average_step_reward,-14.372057914733887,11202.0
meta_2/Reward/average_step_reward,-14.752350807189941,11509.0
meta_2/Reward/average_step_reward,-13.725116729736328,11810.0
meta_2/Reward/average_step_reward,-13.672231674194336,12108.0
meta_2/Reward/average_step_reward,-14.451335906982422,12409.0
meta_2/Reward/average_step_reward,-14.575617790222168,12710.0
meta_2/Reward/average_step_reward,-14.336114883422852,13010.0
meta_2/Reward/average_step_reward,-13.89307975769043,13315.0
meta_2/Reward/average_step_reward,-14.193192481994629,13620.0
meta_2/Reward/average_step_reward,-14.71065902709961,13920.0
meta_2/Reward/average_step_reward,-13.710000991821289,14223.0
meta_2/Reward/average_step_reward,-14.812433242797852,14529.0
meta_2/Reward/average_step_reward,-13.682239532470703,14831.0
meta_2/Reward/average_step_reward,-13.557936668395996,15134.0
meta_2/Reward/average_step_reward,-14.132171630859375,15438.0
meta_2/Reward/average_step_reward,-14.752894401550293,15740.0
meta_2/Reward/average_step_reward,-14.138171195983887,16044.0
meta_2/Reward/average_step_reward,-12.604375839233398,16350.0
meta_2/Reward/average_step_reward,-13.878500938415527,16656.0
meta_2/Reward/average_step_reward,-14.552720069885254,16960.0
meta_2/Reward/average_step_reward,-15.284451484680176,17260.0
meta_2/Reward/average_step_reward,-14.771899223327637,17566.0
meta_2/Reward/average_step_reward,-13.096248626708984,17866.0
meta_2/Reward/average_step_reward,-13.612369537353516,18170.0
meta_2/Reward/average_step_reward,-14.274868965148926,18468.0
meta_2/Reward/average_step_reward,-12.150554656982422,18770.0
meta_2/Reward/average_step_reward,-13.970999717712402,19073.0
meta_2/Reward/average_step_reward,-13.89478874206543,19372.0
meta_2/Reward/average_step_reward,-13.008959770202637,19677.0
meta_2/Reward/average_step_reward,-14.174010276794434,19978.0
meta_2/Reward/average_step_reward,-13.120750427246094,20261.0
meta_2/Reward/average_step_reward,-13.607067108154297,20496.0
meta_2/Reward/average_step_reward,-12.918209075927734,20797.0
meta_2/Reward/average_step_reward,-14.628741264343262,21100.0
meta_2/Reward/average_step_reward,-14.831796646118164,21400.0
meta_2/Reward/average_step_reward,-12.48625373840332,21701.0
meta_2/Reward/average_step_reward,-13.481744766235352,22000.0
meta_2/Reward/average_step_reward,-13.348759651184082,22302.0
meta_2/Reward/average_step_reward,-14.312328338623047,22604.0
meta_2/Reward/average_step_reward,-14.254660606384277,22906.0
meta_2/Reward/average_step_reward,-13.338719367980957,23210.0
meta_2/Reward/average_step_reward,-12.742697715759277,23510.0
meta_2/Reward/average_step_reward,-15.101754188537598,23815.0
meta_2/Reward/average_step_reward,-13.343767166137695,24114.0
meta_2/Reward/average_step_reward,-13.633400917053223,24418.0
meta_2/Reward/average_step_reward,-13.893511772155762,24721.0
meta_2/Reward/average_step_reward,-14.43127155303955,25022.0
meta_2/Reward/average_step_reward,-13.740306854248047,25323.0
meta_2/Reward/average_step_reward,-13.558562278747559,25621.0
meta_2/Reward/average_step_reward,-12.804003715515137,25925.0
meta_2/Reward/average_step_reward,-13.241398811340332,26226.0
meta_2/Reward/average_step_reward,-13.45827865600586,26528.0
meta_2/Reward/average_step_reward,-14.325159072875977,26830.0
meta_2/Reward/average_step_reward,-13.838217735290527,27132.0
meta_2/Reward/average_step_reward,-13.424877166748047,27435.0
meta_2/Reward/average_step_reward,-14.306099891662598,27738.0
meta_2/Reward/average_step_reward,-13.724459648132324,28039.0
meta_2/Reward/average_step_reward,-14.325662612915039,28342.0
meta_2/Reward/average_step_reward,-13.011918067932129,28644.0
meta_2/Reward/average_step_reward,-13.146905899047852,28942.0
meta_2/Reward/average_step_reward,-14.236076354980469,29247.0
meta_2/Reward/average_step_reward,-13.313446998596191,29550.0
meta_2/Reward/average_step_reward,-13.59579086303711,29850.0
meta_2/Reward/average_step_reward,-14.060611724853516,30156.0
meta_2/Reward/average_step_reward,-12.589716911315918,30455.0
meta_2/Reward/average_step_reward,-14.390507698059082,30762.0
meta_2/Reward/average_step_reward,-13.490811347961426,31066.0
meta_2/Reward/average_step_reward,-12.530168533325195,31370.0
meta_2/Reward/average_step_reward,-13.331506729125977,31676.0
meta_2/Reward/average_step_reward,-11.947376251220703,31981.0
meta_2/Reward/average_step_reward,-12.943175315856934,32278.0
meta_2/Reward/average_step_reward,-13.521286964416504,32579.0
meta_2/Reward/average_step_reward,-13.3079833984375,32878.0
meta_2/Reward/average_step_reward,-13.664444923400879,33178.0
meta_2/Reward/average_step_reward,-13.4317045211792,33478.0
meta_2/Reward/average_step_reward,-13.262609481811523,33776.0
meta_2/Reward/average_step_reward,-12.591063499450684,34074.0
meta_2/Reward/average_step_reward,-12.500114440917969,34377.0
meta_2/Reward/average_step_reward,-13.915487289428711,34680.0
meta_2/Reward/average_step_reward,-14.146588325500488,34984.0
meta_2/Reward/average_step_reward,-13.571538925170898,35283.0
meta_2/Reward/average_step_reward,-13.280892372131348,35584.0
meta_2/Reward/average_step_reward,-14.333403587341309,35882.0
meta_2/Reward/average_step_reward,-14.086779594421387,36180.0
meta_2/Reward/average_step_reward,-13.733668327331543,36480.0
meta_2/Reward/average_step_reward,-14.51041030883789,36780.0
meta_2/Reward/average_step_reward,-13.316417694091797,37084.0
meta_2/Reward/average_step_reward,-12.881389617919922,37384.0
meta_2/Reward/average_step_reward,-12.917015075683594,37684.0
meta_2/Reward/average_step_reward,-12.84515380859375,37987.0
meta_2/batch_queue/fraction_of_2_full,0.0,2500.0
meta_2/batch_queue/fraction_of_2_full,1.0,2501.0
meta_2/batch_queue/fraction_of_2_full,1.0,2620.0
meta_2/batch_queue/fraction_of_2_full,1.0,2871.0
meta_2/batch_queue/fraction_of_2_full,1.0,3161.0
meta_2/batch_queue/fraction_of_2_full,1.0,3454.0
meta_2/batch_queue/fraction_of_2_full,1.0,3754.0
meta_2/batch_queue/fraction_of_2_full,1.0,4050.0
meta_2/batch_queue/fraction_of_2_full,1.0,4350.0
meta_2/batch_queue/fraction_of_2_full,1.0,4650.0
meta_2/batch_queue/fraction_of_2_full,1.0,4950.0
meta_2/batch_queue/fraction_of_2_full,1.0,5253.0
meta_2/batch_queue/fraction_of_2_full,1.0,5556.0
meta_2/batch_queue/fraction_of_2_full,1.0,5842.0
meta_2/batch_queue/fraction_of_2_full,1.0,6146.0
meta_2/batch_queue/fraction_of_2_full,1.0,6447.0
meta_2/batch_queue/fraction_of_2_full,1.0,6729.0
meta_2/batch_queue/fraction_of_2_full,1.0,7020.0
meta_2/batch_queue/fraction_of_2_full,1.0,7321.0
meta_2/batch_queue/fraction_of_2_full,1.0,7616.0
meta_2/batch_queue/fraction_of_2_full,1.0,7920.0
meta_2/batch_queue/fraction_of_2_full,1.0,8220.0
meta_2/batch_queue/fraction_of_2_full,1.0,8516.0
meta_2/batch_queue/fraction_of_2_full,1.0,8810.0
meta_2/batch_queue/fraction_of_2_full,1.0,9100.0
meta_2/batch_queue/fraction_of_2_full,1.0,9399.0
meta_2/batch_queue/fraction_of_2_full,1.0,9697.0
meta_2/batch_queue/fraction_of_2_full,1.0,10000.0
meta_2/batch_queue/fraction_of_2_full,1.0,10301.0
meta_2/batch_queue/fraction_of_2_full,1.0,10602.0
meta_2/batch_queue/fraction_of_2_full,1.0,10900.0
meta_2/batch_queue/fraction_of_2_full,1.0,11202.0
meta_2/batch_queue/fraction_of_2_full,1.0,11509.0
meta_2/batch_queue/fraction_of_2_full,1.0,11810.0
meta_2/batch_queue/fraction_of_2_full,1.0,12108.0
meta_2/batch_queue/fraction_of_2_full,1.0,12409.0
meta_2/batch_queue/fraction_of_2_full,1.0,12710.0
meta_2/batch_queue/fraction_of_2_full,1.0,13010.0
meta_2/batch_queue/fraction_of_2_full,1.0,13315.0
meta_2/batch_queue/fraction_of_2_full,1.0,13620.0
meta_2/batch_queue/fraction_of_2_full,1.0,13920.0
meta_2/batch_queue/fraction_of_2_full,1.0,14223.0
meta_2/batch_queue/fraction_of_2_full,1.0,14529.0
meta_2/batch_queue/fraction_of_2_full,1.0,14831.0
meta_2/batch_queue/fraction_of_2_full,1.0,15134.0
meta_2/batch_queue/fraction_of_2_full,1.0,15438.0
meta_2/batch_queue/fraction_of_2_full,1.0,15740.0
meta_2/batch_queue/fraction_of_2_full,1.0,16044.0
meta_2/batch_queue/fraction_of_2_full,1.0,16350.0
meta_2/batch_queue/fraction_of_2_full,1.0,16656.0
meta_2/batch_queue/fraction_of_2_full,1.0,16960.0
meta_2/batch_queue/fraction_of_2_full,1.0,17260.0
meta_2/batch_queue/fraction_of_2_full,1.0,17566.0
meta_2/batch_queue/fraction_of_2_full,1.0,17866.0
meta_2/batch_queue/fraction_of_2_full,1.0,18170.0
meta_2/batch_queue/fraction_of_2_full,1.0,18468.0
meta_2/batch_queue/fraction_of_2_full,1.0,18770.0
meta_2/batch_queue/fraction_of_2_full,1.0,19073.0
meta_2/batch_queue/fraction_of_2_full,1.0,19372.0
meta_2/batch_queue/fraction_of_2_full,1.0,19677.0
meta_2/batch_queue/fraction_of_2_full,1.0,19978.0
meta_2/batch_queue/fraction_of_2_full,1.0,20261.0
meta_2/batch_queue/fraction_of_2_full,1.0,20496.0
meta_2/batch_queue/fraction_of_2_full,1.0,20797.0
meta_2/batch_queue/fraction_of_2_full,1.0,21100.0
meta_2/batch_queue/fraction_of_2_full,1.0,21400.0
meta_2/batch_queue/fraction_of_2_full,1.0,21701.0
meta_2/batch_queue/fraction_of_2_full,1.0,22000.0
meta_2/batch_queue/fraction_of_2_full,1.0,22302.0
meta_2/batch_queue/fraction_of_2_full,1.0,22604.0
meta_2/batch_queue/fraction_of_2_full,1.0,22906.0
meta_2/batch_queue/fraction_of_2_full,1.0,23210.0
meta_2/batch_queue/fraction_of_2_full,1.0,23510.0
meta_2/batch_queue/fraction_of_2_full,1.0,23815.0
meta_2/batch_queue/fraction_of_2_full,1.0,24114.0
meta_2/batch_queue/fraction_of_2_full,1.0,24418.0
meta_2/batch_queue/fraction_of_2_full,1.0,24721.0
meta_2/batch_queue/fraction_of_2_full,1.0,25022.0
meta_2/batch_queue/fraction_of_2_full,1.0,25323.0
meta_2/batch_queue/fraction_of_2_full,1.0,25621.0
meta_2/batch_queue/fraction_of_2_full,1.0,25925.0
meta_2/batch_queue/fraction_of_2_full,1.0,26226.0
meta_2/batch_queue/fraction_of_2_full,1.0,26528.0
meta_2/batch_queue/fraction_of_2_full,1.0,26830.0
meta_2/batch_queue/fraction_of_2_full,1.0,27132.0
meta_2/batch_queue/fraction_of_2_full,1.0,27435.0
meta_2/batch_queue/fraction_of_2_full,1.0,27738.0
meta_2/batch_queue/fraction_of_2_full,1.0,28039.0
meta_2/batch_queue/fraction_of_2_full,1.0,28342.0
meta_2/batch_queue/fraction_of_2_full,1.0,28644.0
meta_2/batch_queue/fraction_of_2_full,1.0,28942.0
meta_2/batch_queue/fraction_of_2_full,1.0,29247.0
meta_2/batch_queue/fraction_of_2_full,1.0,29550.0
meta_2/batch_queue/fraction_of_2_full,1.0,29850.0
meta_2/batch_queue/fraction_of_2_full,1.0,30156.0
meta_2/batch_queue/fraction_of_2_full,1.0,30455.0
meta_2/batch_queue/fraction_of_2_full,1.0,30762.0
meta_2/batch_queue/fraction_of_2_full,1.0,31066.0
meta_2/batch_queue/fraction_of_2_full,1.0,31370.0
meta_2/batch_queue/fraction_of_2_full,1.0,31676.0
meta_2/batch_queue/fraction_of_2_full,1.0,31981.0
meta_2/batch_queue/fraction_of_2_full,1.0,32278.0
meta_2/batch_queue/fraction_of_2_full,1.0,32579.0
meta_2/batch_queue/fraction_of_2_full,1.0,32878.0
meta_2/batch_queue/fraction_of_2_full,1.0,33178.0
meta_2/batch_queue/fraction_of_2_full,1.0,33478.0
meta_2/batch_queue/fraction_of_2_full,1.0,33776.0
meta_2/batch_queue/fraction_of_2_full,1.0,34074.0
meta_2/batch_queue/fraction_of_2_full,1.0,34377.0
meta_2/batch_queue/fraction_of_2_full,1.0,34680.0
meta_2/batch_queue/fraction_of_2_full,1.0,34984.0
meta_2/batch_queue/fraction_of_2_full,1.0,35283.0
meta_2/batch_queue/fraction_of_2_full,1.0,35584.0
meta_2/batch_queue/fraction_of_2_full,1.0,35882.0
meta_2/batch_queue/fraction_of_2_full,1.0,36180.0
meta_2/batch_queue/fraction_of_2_full,1.0,36480.0
meta_2/batch_queue/fraction_of_2_full,1.0,36780.0
meta_2/batch_queue/fraction_of_2_full,1.0,37084.0
meta_2/batch_queue/fraction_of_2_full,1.0,37384.0
meta_2/batch_queue/fraction_of_2_full,1.0,37684.0
meta_2/batch_queue/fraction_of_2_full,1.0,37987.0
nometa/Reward/average_step_reward,-3.175097942352295,2500.0
nometa/Reward/average_step_reward,-2.662043571472168,2501.0
nometa/Reward/average_step_reward,-2.8667447566986084,2620.0
nometa/Reward/average_step_reward,-3.0491604804992676,2871.0
nometa/Reward/average_step_reward,-4.469964504241943,3161.0
nometa/Reward/average_step_reward,-8.768630981445312,3454.0
nometa/Reward/average_step_reward,-6.34152889251709,3754.0
nometa/Reward/average_step_reward,-7.034686088562012,4050.0
nometa/Reward/average_step_reward,-8.024654388427734,4350.0
nometa/Reward/average_step_reward,-10.18646240234375,4650.0
nometa/Reward/average_step_reward,-10.837345123291016,4950.0
nometa/Reward/average_step_reward,-9.50111198425293,5253.0
nometa/Reward/average_step_reward,-9.657398223876953,5556.0
nometa/Reward/average_step_reward,-8.272130966186523,5842.0
nometa/Reward/average_step_reward,-9.774107933044434,6146.0
nometa/Reward/average_step_reward,-10.877703666687012,6447.0
nometa/Reward/average_step_reward,-10.642772674560547,6729.0
nometa/Reward/average_step_reward,-10.98784065246582,7020.0
nometa/Reward/average_step_reward,-11.223167419433594,7321.0
nometa/Reward/average_step_reward,-11.489471435546875,7616.0
nometa/Reward/average_step_reward,-10.79601764678955,7920.0
nometa/Reward/average_step_reward,-10.492148399353027,8220.0
nometa/Reward/average_step_reward,-9.903519630432129,8516.0
nometa/Reward/average_step_reward,-11.545860290527344,8810.0
nometa/Reward/average_step_reward,-11.744536399841309,9100.0
nometa/Reward/average_step_reward,-11.229644775390625,9399.0
nometa/Reward/average_step_reward,-11.998279571533203,9697.0
nometa/Reward/average_step_reward,-13.70213508605957,10000.0
nometa/Reward/average_step_reward,-11.232327461242676,10301.0
nometa/Reward/average_step_reward,-15.4447660446167,10602.0
nometa/Reward/average_step_reward,-13.962132453918457,10900.0
nometa/Reward/average_step_reward,-13.230513572692871,11202.0
nometa/Reward/average_step_reward,-16.55597496032715,11509.0
nometa/Reward/average_step_reward,-14.07498550415039,11810.0
nometa/Reward/average_step_reward,-14.816448211669922,12108.0
nometa/Reward/average_step_reward,-14.422036170959473,12409.0
nometa/Reward/average_step_reward,-13.699148178100586,12710.0
nometa/Reward/average_step_reward,-16.986957550048828,13010.0
nometa/Reward/average_step_reward,-20.775632858276367,13315.0
nometa/Reward/average_step_reward,-23.09798812866211,13620.0
nometa/Reward/average_step_reward,-21.252822875976562,13920.0
nometa/Reward/average_step_reward,-25.245981216430664,14223.0
nometa/Reward/average_step_reward,-24.491392135620117,14529.0
nometa/Reward/average_step_reward,-23.265756607055664,14831.0
nometa/Reward/average_step_reward,-30.970502853393555,15134.0
nometa/Reward/average_step_reward,-25.997045516967773,15438.0
nometa/Reward/average_step_reward,-33.97602462768555,15740.0
nometa/Reward/average_step_reward,-36.54228591918945,16044.0
nometa/Reward/average_step_reward,-22.760957717895508,16350.0
nometa/Reward/average_step_reward,-27.058469772338867,16656.0
nometa/Reward/average_step_reward,-22.783729553222656,16960.0
nometa/Reward/average_step_reward,-25.025903701782227,17260.0
nometa/Reward/average_step_reward,-26.18603515625,17566.0
nometa/Reward/average_step_reward,-23.764318466186523,17866.0
nometa/Reward/average_step_reward,-34.45555114746094,18170.0
nometa/Reward/average_step_reward,-44.93387222290039,18468.0
nometa/Reward/average_step_reward,-48.239990234375,18770.0
nometa/Reward/average_step_reward,-53.571044921875,19073.0
nometa/Reward/average_step_reward,-55.49844741821289,19372.0
nometa/Reward/average_step_reward,-62.938392639160156,19677.0
nometa/Reward/average_step_reward,-54.49192428588867,19978.0
nometa/Reward/average_step_reward,-42.694786071777344,20261.0
nometa/Reward/average_step_reward,-64.65216064453125,20496.0
nometa/Reward/average_step_reward,-48.808956146240234,20797.0
nometa/Reward/average_step_reward,-57.85493087768555,21100.0
nometa/Reward/average_step_reward,-59.20703125,21400.0
nometa/Reward/average_step_reward,-51.49884796142578,21701.0
nometa/Reward/average_step_reward,-62.01896667480469,22000.0
nometa/Reward/average_step_reward,-62.87020492553711,22302.0
nometa/Reward/average_step_reward,-40.95293426513672,22604.0
nometa/Reward/average_step_reward,-74.01380157470703,22906.0
nometa/Reward/average_step_reward,-28.357707977294922,23210.0
nometa/Reward/average_step_reward,-70.6786117553711,23510.0
nometa/Reward/average_step_reward,-44.180843353271484,23815.0
nometa/Reward/average_step_reward,-72.16485595703125,24114.0
nometa/Reward/average_step_reward,-39.78476333618164,24418.0
nometa/Reward/average_step_reward,-48.143978118896484,24721.0
nometa/Reward/average_step_reward,-68.7116928100586,25022.0
nometa/Reward/average_step_reward,-64.20401000976562,25323.0
nometa/Reward/average_step_reward,-53.444828033447266,25621.0
nometa/Reward/average_step_reward,-61.639427185058594,25925.0
nometa/Reward/average_step_reward,-63.66130828857422,26226.0
nometa/Reward/average_step_reward,-59.514225006103516,26528.0
nometa/Reward/average_step_reward,-56.13865280151367,26830.0
nometa/Reward/average_step_reward,-63.19621658325195,27132.0
nometa/Reward/average_step_reward,-59.988704681396484,27435.0
nometa/Reward/average_step_reward,-66.21136474609375,27738.0
nometa/Reward/average_step_reward,-49.33454895019531,28039.0
nometa/Reward/average_step_reward,-61.81135177612305,28342.0
nometa/Reward/average_step_reward,-56.375648498535156,28644.0
nometa/Reward/average_step_reward,-51.031105041503906,28942.0
nometa/Reward/average_step_reward,-87.39514923095703,29247.0
nometa/Reward/average_step_reward,-73.7016830444336,29550.0
nometa/Reward/average_step_reward,-77.70305633544922,29850.0
nometa/Reward/average_step_reward,-58.38254928588867,30156.0
nometa/Reward/average_step_reward,-87.95203399658203,30455.0
nometa/Reward/average_step_reward,-71.1750717163086,30762.0
nometa/Reward/average_step_reward,-89.21127319335938,31066.0
nometa/Reward/average_step_reward,-89.22949981689453,31370.0
nometa/Reward/average_step_reward,-69.15713500976562,31676.0
nometa/Reward/average_step_reward,-71.02276611328125,31981.0
nometa/Reward/average_step_reward,-67.97335052490234,32278.0
nometa/Reward/average_step_reward,-85.31104278564453,32579.0
nometa/Reward/average_step_reward,-108.0425033569336,32878.0
nometa/Reward/average_step_reward,-88.77794647216797,33178.0
nometa/Reward/average_step_reward,-74.84222412109375,33478.0
nometa/Reward/average_step_reward,-80.37557983398438,33776.0
nometa/Reward/average_step_reward,-76.42938232421875,34074.0
nometa/Reward/average_step_reward,-69.64881134033203,34377.0
nometa/Reward/average_step_reward,-53.2916374206543,34680.0
nometa/Reward/average_step_reward,-81.69927978515625,34984.0
nometa/Reward/average_step_reward,-73.71815490722656,35283.0
nometa/Reward/average_step_reward,-82.0442886352539,35584.0
nometa/Reward/average_step_reward,-56.328800201416016,35882.0
nometa/Reward/average_step_reward,-60.59992599487305,36180.0
nometa/Reward/average_step_reward,-64.26909637451172,36480.0
nometa/Reward/average_step_reward,-84.61485290527344,36780.0
nometa/Reward/average_step_reward,-69.91790771484375,37084.0
nometa/Reward/average_step_reward,-73.93022918701172,37384.0
nometa/Reward/average_step_reward,-91.1367416381836,37684.0
nometa/Reward/average_step_reward,-57.46968078613281,37987.0
nometa/batch_queue/fraction_of_2_full,0.0,2500.0
nometa/batch_queue/fraction_of_2_full,0.0,2501.0
nometa/batch_queue/fraction_of_2_full,1.0,2620.0
nometa/batch_queue/fraction_of_2_full,1.0,2871.0
nometa/batch_queue/fraction_of_2_full,1.0,3161.0
nometa/batch_queue/fraction_of_2_full,1.0,3454.0
nometa/batch_queue/fraction_of_2_full,1.0,3754.0
nometa/batch_queue/fraction_of_2_full,1.0,4050.0
nometa/batch_queue/fraction_of_2_full,1.0,4350.0
nometa/batch_queue/fraction_of_2_full,1.0,4650.0
nometa/batch_queue/fraction_of_2_full,1.0,4950.0
nometa/batch_queue/fraction_of_2_full,1.0,5253.0
nometa/batch_queue/fraction_of_2_full,1.0,5556.0
nometa/batch_queue/fraction_of_2_full,1.0,5842.0
nometa/batch_queue/fraction_of_2_full,1.0,6146.0
nometa/batch_queue/fraction_of_2_full,1.0,6447.0
nometa/batch_queue/fraction_of_2_full,1.0,6729.0
nometa/batch_queue/fraction_of_2_full,1.0,7020.0
nometa/batch_queue/fraction_of_2_full,1.0,7321.0
nometa/batch_queue/fraction_of_2_full,1.0,7616.0
nometa/batch_queue/fraction_of_2_full,1.0,7920.0
nometa/batch_queue/fraction_of_2_full,1.0,8220.0
nometa/batch_queue/fraction_of_2_full,1.0,8516.0
nometa/batch_queue/fraction_of_2_full,1.0,8810.0
nometa/batch_queue/fraction_of_2_full,1.0,9100.0
nometa/batch_queue/fraction_of_2_full,1.0,9399.0
nometa/batch_queue/fraction_of_2_full,1.0,9697.0
nometa/batch_queue/fraction_of_2_full,1.0,10000.0
nometa/batch_queue/fraction_of_2_full,1.0,10301.0
nometa/batch_queue/fraction_of_2_full,1.0,10602.0
nometa/batch_queue/fraction_of_2_full,1.0,10900.0
nometa/batch_queue/fraction_of_2_full,1.0,11202.0
nometa/batch_queue/fraction_of_2_full,1.0,11509.0
nometa/batch_queue/fraction_of_2_full,1.0,11810.0
nometa/batch_queue/fraction_of_2_full,1.0,12108.0
nometa/batch_queue/fraction_of_2_full,1.0,12409.0
nometa/batch_queue/fraction_of_2_full,1.0,12710.0
nometa/batch_queue/fraction_of_2_full,1.0,13010.0
nometa/batch_queue/fraction_of_2_full,1.0,13315.0
nometa/batch_queue/fraction_of_2_full,1.0,13620.0
nometa/batch_queue/fraction_of_2_full,1.0,13920.0
nometa/batch_queue/fraction_of_2_full,1.0,14223.0
nometa/batch_queue/fraction_of_2_full,1.0,14529.0
nometa/batch_queue/fraction_of_2_full,1.0,14831.0
nometa/batch_queue/fraction_of_2_full,1.0,15134.0
nometa/batch_queue/fraction_of_2_full,1.0,15438.0
nometa/batch_queue/fraction_of_2_full,1.0,15740.0
nometa/batch_queue/fraction_of_2_full,1.0,16044.0
nometa/batch_queue/fraction_of_2_full,1.0,16350.0
nometa/batch_queue/fraction_of_2_full,1.0,16656.0
nometa/batch_queue/fraction_of_2_full,1.0,16960.0
nometa/batch_queue/fraction_of_2_full,1.0,17260.0
nometa/batch_queue/fraction_of_2_full,1.0,17566.0
nometa/batch_queue/fraction_of_2_full,1.0,17866.0
nometa/batch_queue/fraction_of_2_full,1.0,18170.0
nometa/batch_queue/fraction_of_2_full,1.0,18468.0
nometa/batch_queue/fraction_of_2_full,1.0,18770.0
nometa/batch_queue/fraction_of_2_full,1.0,19073.0
nometa/batch_queue/fraction_of_2_full,1.0,19372.0
nometa/batch_queue/fraction_of_2_full,1.0,19677.0
nometa/batch_queue/fraction_of_2_full,1.0,19978.0
nometa/batch_queue/fraction_of_2_full,1.0,20261.0
nometa/batch_queue/fraction_of_2_full,1.0,20496.0
nometa/batch_queue/fraction_of_2_full,1.0,20797.0
nometa/batch_queue/fraction_of_2_full,1.0,21100.0
nometa/batch_queue/fraction_of_2_full,1.0,21400.0
nometa/batch_queue/fraction_of_2_full,1.0,21701.0
nometa/batch_queue/fraction_of_2_full,1.0,22000.0
nometa/batch_queue/fraction_of_2_full,1.0,22302.0
nometa/batch_queue/fraction_of_2_full,1.0,22604.0
nometa/batch_queue/fraction_of_2_full,1.0,22906.0
nometa/batch_queue/fraction_of_2_full,1.0,23210.0
nometa/batch_queue/fraction_of_2_full,1.0,23510.0
nometa/batch_queue/fraction_of_2_full,1.0,23815.0
nometa/batch_queue/fraction_of_2_full,1.0,24114.0
nometa/batch_queue/fraction_of_2_full,1.0,24418.0
nometa/batch_queue/fraction_of_2_full,1.0,24721.0
nometa/batch_queue/fraction_of_2_full,1.0,25022.0
nometa/batch_queue/fraction_of_2_full,1.0,25323.0
nometa/batch_queue/fraction_of_2_full,1.0,25621.0
nometa/batch_queue/fraction_of_2_full,1.0,25925.0
nometa/batch_queue/fraction_of_2_full,1.0,26226.0
nometa/batch_queue/fraction_of_2_full,1.0,26528.0
nometa/batch_queue/fraction_of_2_full,1.0,26830.0
nometa/batch_queue/fraction_of_2_full,1.0,27132.0
nometa/batch_queue/fraction_of_2_full,1.0,27435.0
nometa/batch_queue/fraction_of_2_full,1.0,27738.0
nometa/batch_queue/fraction_of_2_full,1.0,28039.0
nometa/batch_queue/fraction_of_2_full,1.0,28342.0
nometa/batch_queue/fraction_of_2_full,1.0,28644.0
nometa/batch_queue/fraction_of_2_full,1.0,28942.0
nometa/batch_queue/fraction_of_2_full,1.0,29247.0
nometa/batch_queue/fraction_of_2_full,1.0,29550.0
nometa/batch_queue/fraction_of_2_full,1.0,29850.0
nometa/batch_queue/fraction_of_2_full,1.0,30156.0
nometa/batch_queue/fraction_of_2_full,1.0,30455.0
nometa/batch_queue/fraction_of_2_full,1.0,30762.0
nometa/batch_queue/fraction_of_2_full,1.0,31066.0
nometa/batch_queue/fraction_of_2_full,1.0,31370.0
nometa/batch_queue/fraction_of_2_full,1.0,31676.0
nometa/batch_queue/fraction_of_2_full,1.0,31981.0
nometa/batch_queue/fraction_of_2_full,1.0,32278.0
nometa/batch_queue/fraction_of_2_full,1.0,32579.0
nometa/batch_queue/fraction_of_2_full,1.0,32878.0
nometa/batch_queue/fraction_of_2_full,1.0,33178.0
nometa/batch_queue/fraction_of_2_full,1.0,33478.0
nometa/batch_queue/fraction_of_2_full,1.0,33776.0
nometa/batch_queue/fraction_of_2_full,1.0,34074.0
nometa/batch_queue/fraction_of_2_full,1.0,34377.0
nometa/batch_queue/fraction_of_2_full,1.0,34680.0
nometa/batch_queue/fraction_of_2_full,1.0,34984.0
nometa/batch_queue/fraction_of_2_full,1.0,35283.0
nometa/batch_queue/fraction_of_2_full,1.0,35584.0
nometa/batch_queue/fraction_of_2_full,1.0,35882.0
nometa/batch_queue/fraction_of_2_full,1.0,36180.0
nometa/batch_queue/fraction_of_2_full,1.0,36480.0
nometa/batch_queue/fraction_of_2_full,1.0,36780.0
nometa/batch_queue/fraction_of_2_full,1.0,37084.0
nometa/batch_queue/fraction_of_2_full,1.0,37384.0
nometa/batch_queue/fraction_of_2_full,1.0,37684.0
nometa/batch_queue/fraction_of_2_full,1.0,37987.0
global_step/sec,0.0,2500.0
global_step/sec,0.9282575845718384,2501.0
global_step/sec,186.41600036621094,2631.0
global_step/sec,274.8232116699219,2906.0
global_step/sec,291.9462585449219,3198.0
global_step/sec,292.2353515625,3490.0
global_step/sec,300.024169921875,3790.0
global_step/sec,296.6636047363281,4087.0
global_step/sec,300.3428649902344,4387.0
global_step/sec,299.9731140136719,4687.0
global_step/sec,299.86279296875,4987.0
global_step/sec,302.89471435546875,5290.0
global_step/sec,301.17816162109375,5591.0
global_step/sec,288.10357666015625,5879.0
global_step/sec,302.7342529296875,6182.0
global_step/sec,296.8970642089844,6479.0
global_step/sec,285.32598876953125,6764.0
global_step/sec,289.52447509765625,7054.0
global_step/sec,305.3363952636719,7359.0
global_step/sec,292.1122741699219,7651.0
global_step/sec,305.05242919921875,7956.0
global_step/sec,299.71453857421875,8256.0
global_step/sec,294.9497985839844,8551.0
global_step/sec,292.3099060058594,8843.0
global_step/sec,292.88128662109375,9136.0
global_step/sec,297.052978515625,9433.0
global_step/sec,298.9023742675781,9732.0
global_step/sec,304.0350036621094,10036.0
global_step/sec,301.96710205078125,10338.0
global_step/sec,301.1326904296875,10639.0
global_step/sec,299.01873779296875,10938.0
global_step/sec,302.0203857421875,11240.0
global_step/sec,304.9906921386719,11545.0
global_step/sec,300.9866638183594,11846.0
global_step/sec,296.77069091796875,12143.0
global_step/sec,301.0434875488281,12444.0
global_step/sec,303.0220947265625,12747.0
global_step/sec,299.8738098144531,13047.0
global_step/sec,304.0124816894531,13351.0
global_step/sec,306.2912292480469,13657.0
global_step/sec,299.9927673339844,13957.0
global_step/sec,303.0395202636719,14260.0
global_step/sec,305.6925048828125,14566.0
global_step/sec,303.1070861816406,14869.0
global_step/sec,301.19036865234375,15170.0
global_step/sec,302.8039855957031,15473.0
global_step/sec,302.8772277832031,15776.0
global_step/sec,304.3238830566406,16080.0
global_step/sec,305.9972229003906,16386.0
global_step/sec,304.9566650390625,16691.0
global_step/sec,306.8022155761719,16998.0
global_step/sec,300.1993408203125,17298.0
global_step/sec,303.75885009765625,17602.0
global_step/sec,300.22711181640625,17902.0
global_step/sec,302.0265808105469,18204.0
global_step/sec,299.01055908203125,18503.0
global_step/sec,304.54937744140625,18808.0
global_step/sec,302.4323425292969,19110.0
global_step/sec,300.0259094238281,19410.0
global_step/sec,301.8770751953125,19712.0
global_step/sec,301.035888671875,20013.0
global_step/sec,236.13059997558594,20264.0
global_step/sec,285.72308349609375,20532.0
global_step/sec,300.9916687011719,20833.0
global_step/sec,304.1688232421875,21137.0
global_step/sec,299.0859375,21436.0
global_step/sec,302.06756591796875,21738.0
global_step/sec,297.0672912597656,22035.0
global_step/sec,305.01513671875,22340.0
global_step/sec,300.6933898925781,22641.0
global_step/sec,301.26123046875,22942.0
global_step/sec,305.62530517578125,23248.0
global_step/sec,299.3595886230469,23547.0
global_step/sec,303.01177978515625,23850.0
global_step/sec,299.9684753417969,24150.0
global_step/sec,303.6177978515625,24454.0
global_step/sec,304.0936584472656,24758.0
global_step/sec,300.32086181640625,25058.0
global_step/sec,302.02691650390625,25360.0
global_step/sec,299.0070495605469,25659.0
global_step/sec,302.865478515625,25962.0
global_step/sec,299.78350830078125,26262.0
global_step/sec,301.3140869140625,26563.0
global_step/sec,303.94744873046875,26867.0
global_step/sec,301.7135009765625,27169.0
global_step/sec,301.91888427734375,27471.0
global_step/sec,302.05609130859375,27773.0
global_step/sec,302.9993591308594,28076.0
global_step/sec,303.389892578125,28379.0
global_step/sec,300.8647766113281,28680.0
global_step/sec,300.0762634277344,28980.0
global_step/sec,303.6512756347656,29284.0
global_step/sec,302.9533386230469,29587.0
global_step/sec,301.3916931152344,29888.0
global_step/sec,303.9657287597656,30192.0
global_step/sec,300.0899353027344,30492.0
global_step/sec,305.9737243652344,30798.0
global_step/sec,303.5906066894531,31102.0
global_step/sec,305.4184875488281,31407.0
global_step/sec,305.99066162109375,31713.0
global_step/sec,303.8499755859375,32017.0
global_step/sec,295.93896484375,32313.0
global_step/sec,299.8491516113281,32613.0
global_step/sec,300.3714599609375,32913.0
global_step/sec,300.6300964355469,33214.0
global_step/sec,298.00732421875,33512.0
global_step/sec,300.35675048828125,33812.0
global_step/sec,298.0291442871094,34110.0
global_step/sec,302.8720397949219,34413.0
global_step/sec,303.11614990234375,34716.0
global_step/sec,303.9884033203125,35020.0
global_step/sec,299.8855895996094,35320.0
global_step/sec,300.13360595703125,35620.0
global_step/sec,299.61297607421875,35920.0
global_step/sec,296.2687683105469,36216.0
global_step/sec,300.1075439453125,36516.0
global_step/sec,301.976806640625,36818.0
global_step/sec,301.9267883300781,37120.0
global_step/sec,300.8745422363281,37421.0
global_step/sec,299.2124328613281,37720.0
